tau_half,chi2_dof
40.0,0.6498239715243576
60.0,0.6693917914718224
80.0,0.679636853632978
100.0,0.6859306191370874
120.0,0.6901873990971382
